User_ID,Age,Gender,Platform,Daily_Usage_Time (minutes),Posts_Per_Day,Likes_Received_Per_Day,Comments_Received_Per_Day,Messages_Sent_Per_Day,Dominant_Emotion,Dominant_Emotion_Encoded
1,25,Female,Instagram,120.0,3.0,45.0,10.0,12.0,Happiness,3
2,30,Male,Twitter,90.0,5.0,20.0,25.0,30.0,Anger,0
3,22,Non-binary,Facebook,60.0,2.0,15.0,5.0,20.0,Neutral,4
4,28,Female,Instagram,200.0,8.0,100.0,30.0,50.0,Anxiety,1
5,33,Male,LinkedIn,45.0,1.0,5.0,2.0,10.0,Boredom,2
6,21,Male,Instagram,150.0,4.0,60.0,15.0,25.0,Happiness,3
7,27,Female,Twitter,85.0,3.0,30.0,10.0,18.0,Anger,0
8,24,Non-binary,Facebook,110.0,6.0,25.0,12.0,22.0,Sadness,5
9,29,Female,LinkedIn,55.0,2.0,10.0,3.0,8.0,Neutral,4
10,31,Male,Instagram,170.0,5.0,80.0,20.0,35.0,Happiness,3
11,23,Female,Twitter,75.0,4.0,35.0,7.0,20.0,Anxiety,1
12,26,Non-binary,Facebook,95.0,3.0,20.0,10.0,18.0,Sadness,5
13,34,Male,LinkedIn,65.0,1.0,12.0,4.0,15.0,Boredom,2
14,22,Female,Instagram,180.0,7.0,90.0,25.0,40.0,Happiness,3
15,28,Male,Twitter,100.0,6.0,40.0,23.0,28.0,Anger,0
16,21,Non-binary,Facebook,40.0,1.0,5.0,2.0,10.0,Neutral,4
17,35,Female,Instagram,125.0,4.0,55.0,18.0,30.0,Anxiety,1
18,27,Male,Twitter,90.0,3.0,33.0,15.0,25.0,Sadness,5
19,23,Non-binary,LinkedIn,50.0,1.0,8.0,3.0,12.0,Neutral,4
20,32,Female,Instagram,140.0,5.0,70.0,22.0,33.0,Happiness,3
21,26,Male,Facebook,75.0,2.0,25.0,10.0,18.0,Anxiety,1
22,24,Female,Twitter,105.0,4.0,28.0,14.0,20.0,Anger,0
23,29,Male,LinkedIn,60.0,2.0,11.0,5.0,17.0,Boredom,2
24,33,Non-binary,Instagram,190.0,8.0,95.0,26.0,45.0,Happiness,3
25,22,Female,Twitter,70.0,3.0,20.0,12.0,15.0,Sadness,5
26,31,Male,Facebook,80.0,2.0,18.0,8.0,21.0,Neutral,4
27,27,Non-binary,LinkedIn,55.0,1.0,9.0,2.0,11.0,Anxiety,1
28,25,Female,Instagram,160.0,6.0,85.0,19.0,32.0,Happiness,3
29,30,Male,Twitter,90.0,4.0,38.0,17.0,24.0,Anger,0
30,26,Non-binary,Facebook,45.0,1.0,6.0,3.0,10.0,Sadness,5
31,34,Female,LinkedIn,65.0,2.0,13.0,4.0,14.0,Boredom,2
32,28,Male,Instagram,145.0,5.0,75.0,20.0,35.0,Happiness,3
33,23,Non-binary,Twitter,70.0,3.0,27.0,11.0,18.0,Neutral,4
34,21,Female,Instagram,130.0,6.0,88.0,15.0,30.0,Sadness,5
35,29,Male,Facebook,65.0,2.0,22.0,8.0,20.0,Anxiety,1
36,24,Non-binary,LinkedIn,55.0,1.0,10.0,5.0,11.0,Boredom,2
37,33,Female,Instagram,170.0,7.0,90.0,25.0,40.0,Happiness,3
38,27,Male,Twitter,85.0,4.0,35.0,15.0,20.0,Anger,0
39,22,Female,Instagram,115.0,3.0,55.0,12.0,25.0,Neutral,4
40,28,Non-binary,Facebook,100.0,2.0,18.0,10.0,22.0,Anxiety,1
41,31,Male,LinkedIn,45.0,1.0,6.0,2.0,9.0,Sadness,5
42,25,Female,Instagram,150.0,6.0,80.0,18.0,30.0,Happiness,3
43,29,Male,Twitter,95.0,4.0,40.0,20.0,22.0,Anger,0
44,23,Non-binary,Facebook,105.0,2.0,20.0,8.0,18.0,Neutral,4
45,35,Female,LinkedIn,60.0,1.0,12.0,5.0,14.0,Boredom,2
46,30,Male,Instagram,175.0,7.0,85.0,23.0,38.0,Happiness,3
47,21,Female,Twitter,90.0,3.0,33.0,12.0,20.0,Sadness,5
48,26,Non-binary,Facebook,75.0,2.0,28.0,11.0,18.0,Anxiety,1
49,32,Male,Instagram,130.0,5.0,70.0,19.0,31.0,Neutral,4
50,28,Female,LinkedIn,55.0,1.0,8.0,4.0,10.0,Boredom,2
51,27,Male,Instagram,165.0,6.0,78.0,22.0,27.0,Happiness,3
52,24,Female,Twitter,75.0,3.0,29.0,15.0,19.0,Anger,0
53,29,Non-binary,Facebook,85.0,2.0,25.0,7.0,20.0,Neutral,4
54,33,Female,Instagram,145.0,4.0,60.0,18.0,35.0,Sadness,5
55,31,Male,LinkedIn,60.0,1.0,10.0,3.0,17.0,Anxiety,1
56,22,Female,Whatsapp,70.0,2.0,40.0,8.0,21.0,Anxiety,1
57,25,Male,Telegram,90.0,3.0,20.0,10.0,22.0,Boredom,2
58,29,Non-binary,Snapchat,50.0,2.0,15.0,5.0,18.0,Sadness,5
59,28,Female,Twitter,95.0,4.0,45.0,20.0,25.0,Happiness,3
60,27,Male,Facebook,60.0,1.0,10.0,4.0,15.0,Boredom,2
61,30,Female,Instagram,175.0,6.0,70.0,23.0,33.0,Happiness,3
62,23,Male,Whatsapp,70.0,3.0,20.0,8.0,18.0,Anger,0
63,34,Non-binary,Telegram,80.0,2.0,18.0,7.0,20.0,Neutral,4
64,26,Female,Snapchat,120.0,4.0,50.0,15.0,30.0,Anxiety,1
65,25,Male,Twitter,90.0,6.0,40.0,12.0,26.0,Sadness,5
66,29,Non-binary,Facebook,60.0,1.0,8.0,2.0,12.0,Boredom,2
67,28,Male,Instagram,165.0,5.0,75.0,18.0,35.0,Happiness,3
68,31,Female,Whatsapp,65.0,2.0,25.0,8.0,20.0,Neutral,4
69,27,Male,Telegram,105.0,3.0,45.0,15.0,28.0,Anxiety,1
70,22,Non-binary,Snapchat,75.0,2.0,18.0,6.0,20.0,Sadness,5
71,24,Female,Instagram,140.0,4.0,60.0,18.0,30.0,Happiness,3
72,35,Male,Twitter,70.0,1.0,12.0,7.0,10.0,Boredom,2
73,21,Non-binary,Facebook,55.0,3.0,15.0,5.0,12.0,Neutral,4
74,29,Female,Whatsapp,90.0,2.0,20.0,9.0,22.0,Anger,0
75,25,Male,Telegram,80.0,4.0,28.0,11.0,25.0,Neutral,4
76,28,Non-binary,Snapchat,115.0,3.0,36.0,12.0,27.0,Anxiety,1
77,32,Female,Instagram,155.0,6.0,72.0,20.0,38.0,Happiness,3
78,26,Male,Twitter,75.0,2.0,22.0,10.0,18.0,Sadness,5
79,33,Non-binary,Facebook,65.0,1.0,12.0,5.0,14.0,Anxiety,1
80,27,Female,Whatsapp,90.0,4.0,35.0,14.0,20.0,Neutral,4
81,31,Male,Telegram,50.0,2.0,18.0,6.0,12.0,Sadness,5
82,24,Non-binary,Snapchat,85.0,3.0,30.0,13.0,18.0,Happiness,3
83,34,Female,Instagram,120.0,5.0,55.0,19.0,25.0,Anger,0
84,22,Male,Twitter,70.0,1.0,20.0,5.0,22.0,Neutral,4
85,29,Non-binary,Facebook,75.0,2.0,18.0,8.0,20.0,Boredom,2
86,28,Female,Whatsapp,100.0,4.0,35.0,12.0,26.0,Anxiety,1
87,31,Male,Telegram,85.0,3.0,40.0,15.0,28.0,Sadness,5
88,21,Non-binary,Snapchat,60.0,1.0,15.0,5.0,12.0,Neutral,4
89,25,Female,Instagram,170.0,6.0,78.0,22.0,33.0,Happiness,3
90,30,Male,Twitter,70.0,2.0,28.0,10.0,20.0,Anxiety,1
91,27,Non-binary,Facebook,50.0,1.0,8.0,2.0,10.0,Boredom,2
92,32,Female,Whatsapp,105.0,4.0,50.0,18.0,25.0,Anger,0
93,24,Male,Telegram,75.0,3.0,33.0,13.0,22.0,Neutral,4
94,29,Female,Snapchat,95.0,2.0,20.0,7.0,28.0,Sadness,5
95,26,Male,Instagram,150.0,5.0,65.0,20.0,30.0,Anxiety,1
96,33,Non-binary,Twitter,85.0,4.0,30.0,13.0,18.0,Boredom,2
97,22,Female,Facebook,70.0,1.0,12.0,5.0,10.0,Neutral,4
98,35,Male,Whatsapp,110.0,3.0,45.0,20.0,25.0,Happiness,3
99,28,Non-binary,Telegram,60.0,2.0,15.0,6.0,18.0,Anger,0
100,27,Female,Snapchat,120.0,4.0,38.0,13.0,22.0,Neutral,4
101,25,Female,Instagram,120.0,5.0,50.0,20.0,25.0,Happiness,3
102,30,Male,Twitter,90.0,4.0,30.0,20.0,22.0,Anger,0
103,22,Non-binary,Facebook,60.0,2.0,20.0,10.0,15.0,Neutral,4
104,28,Female,Instagram,200.0,8.0,110.0,40.0,45.0,Anxiety,1
105,33,Male,LinkedIn,45.0,1.0,10.0,5.0,12.0,Boredom,2
106,21,Male,Instagram,150.0,5.0,65.0,25.0,30.0,Happiness,3
107,27,Female,Twitter,85.0,3.0,40.0,18.0,20.0,Anger,0
108,24,Non-binary,Facebook,110.0,6.0,35.0,16.0,25.0,Sadness,5
109,29,Female,LinkedIn,55.0,2.0,15.0,5.0,10.0,Neutral,4
110,31,Male,Instagram,170.0,7.0,90.0,35.0,40.0,Happiness,3
111,23,Female,Twitter,75.0,4.0,45.0,20.0,25.0,Anxiety,1
112,26,Non-binary,Facebook,95.0,3.0,30.0,14.0,18.0,Sadness,5
113,34,Male,LinkedIn,65.0,1.0,14.0,6.0,15.0,Boredom,2
114,22,Female,Instagram,180.0,8.0,100.0,38.0,45.0,Happiness,3
115,28,Male,Twitter,100.0,6.0,50.0,30.0,29.0,Anger,0
116,21,Non-binary,Facebook,40.0,1.0,10.0,4.0,12.0,Neutral,4
117,35,Female,Instagram,125.0,5.0,65.0,22.0,28.0,Anxiety,1
118,27,Male,Twitter,90.0,3.0,40.0,16.0,24.0,Sadness,5
119,23,Non-binary,LinkedIn,50.0,1.0,12.0,6.0,12.0,Neutral,4
120,32,Female,Instagram,140.0,6.0,75.0,28.0,30.0,Happiness,3
121,26,Male,Facebook,75.0,2.0,30.0,14.0,20.0,Anxiety,1
122,24,Female,Twitter,105.0,4.0,35.0,20.0,23.0,Anger,0
123,29,Male,LinkedIn,60.0,2.0,17.0,8.0,15.0,Boredom,2
124,33,Non-binary,Instagram,190.0,8.0,105.0,36.0,50.0,Happiness,3
125,22,Female,Twitter,70.0,3.0,25.0,16.0,15.0,Sadness,5
126,31,Male,Facebook,80.0,2.0,20.0,10.0,20.0,Neutral,4
127,27,Non-binary,LinkedIn,55.0,1.0,12.0,5.0,11.0,Anxiety,1
128,25,Female,Instagram,160.0,6.0,85.0,26.0,30.0,Happiness,3
129,30,Male,Twitter,90.0,4.0,43.0,19.0,24.0,Anger,0
130,26,Non-binary,Facebook,45.0,1.0,8.0,4.0,12.0,Sadness,5
131,34,Female,LinkedIn,65.0,2.0,17.0,5.0,14.0,Boredom,2
132,28,Male,Instagram,145.0,7.0,80.0,30.0,35.0,Happiness,3
133,23,Non-binary,Twitter,70.0,3.0,30.0,14.0,18.0,Neutral,4
134,21,Female,Instagram,130.0,6.0,95.0,22.0,28.0,Sadness,5
135,29,Male,Facebook,65.0,2.0,27.0,11.0,22.0,Anxiety,1
136,24,Non-binary,LinkedIn,55.0,1.0,11.0,6.0,11.0,Boredom,2
137,33,Female,Instagram,170.0,7.0,95.0,30.0,38.0,Happiness,3
138,27,Male,Twitter,85.0,4.0,45.0,18.0,24.0,Anger,0
139,22,Female,Instagram,115.0,3.0,60.0,17.0,30.0,Neutral,4
140,28,Non-binary,Facebook,100.0,2.0,22.0,12.0,25.0,Anxiety,1
141,31,Male,LinkedIn,45.0,1.0,9.0,4.0,10.0,Sadness,5
142,25,Female,Instagram,150.0,6.0,90.0,26.0,30.0,Happiness,3
143,29,Male,Twitter,95.0,4.0,50.0,22.0,22.0,Anger,0
144,23,Non-binary,Facebook,105.0,2.0,25.0,12.0,18.0,Neutral,4
145,35,Female,LinkedIn,60.0,1.0,15.0,7.0,14.0,Boredom,2
146,30,Male,Instagram,175.0,7.0,100.0,33.0,38.0,Happiness,3
147,21,Female,Twitter,90.0,3.0,37.0,14.0,20.0,Sadness,5
148,26,Non-binary,Facebook,75.0,2.0,30.0,12.0,18.0,Anxiety,1
149,32,Male,Instagram,130.0,5.0,80.0,28.0,31.0,Neutral,4
150,28,Female,LinkedIn,55.0,1.0,12.0,6.0,10.0,Boredom,2
151,27,Male,Instagram,165.0,6.0,85.0,30.0,28.0,Happiness,3
152,24,Female,Twitter,75.0,3.0,33.0,18.0,19.0,Anger,0
153,29,Non-binary,Facebook,85.0,2.0,27.0,9.0,20.0,Neutral,4
154,33,Female,Instagram,145.0,4.0,65.0,23.0,35.0,Sadness,5
155,31,Male,LinkedIn,60.0,1.0,15.0,7.0,17.0,Anxiety,1
156,22,Female,Whatsapp,70.0,2.0,42.0,10.0,21.0,Anxiety,1
157,25,Male,Telegram,90.0,3.0,22.0,11.0,22.0,Boredom,2
158,29,Non-binary,Snapchat,50.0,2.0,18.0,7.0,18.0,Sadness,5
159,28,Female,Twitter,95.0,4.0,48.0,22.0,25.0,Happiness,3
160,27,Male,Facebook,60.0,1.0,12.0,5.0,15.0,Boredom,2
161,30,Female,Instagram,175.0,6.0,72.0,30.0,33.0,Happiness,3
162,23,Male,Whatsapp,70.0,3.0,22.0,10.0,18.0,Anger,0
163,34,Non-binary,Telegram,80.0,2.0,21.0,8.0,20.0,Neutral,4
164,26,Female,Snapchat,120.0,4.0,55.0,18.0,30.0,Anxiety,1
165,25,Male,Twitter,90.0,6.0,42.0,14.0,26.0,Sadness,5
166,29,Non-binary,Facebook,60.0,1.0,12.0,4.0,12.0,Boredom,2
167,28,Male,Instagram,165.0,5.0,78.0,23.0,35.0,Happiness,3
168,31,Female,Whatsapp,65.0,2.0,27.0,10.0,20.0,Neutral,4
169,27,Male,Telegram,105.0,3.0,48.0,20.0,28.0,Anxiety,1
170,22,Non-binary,Snapchat,75.0,2.0,21.0,8.0,20.0,Sadness,5
171,24,Female,Instagram,140.0,4.0,65.0,22.0,30.0,Happiness,3
172,35,Male,Twitter,70.0,1.0,13.0,8.0,10.0,Boredom,2
173,21,Non-binary,Facebook,55.0,3.0,17.0,7.0,12.0,Neutral,4
174,29,Female,Whatsapp,90.0,2.0,24.0,12.0,22.0,Anger,0
175,25,Male,Telegram,80.0,4.0,30.0,13.0,25.0,Neutral,4
176,28,Non-binary,Snapchat,115.0,3.0,38.0,18.0,27.0,Anxiety,1
177,32,Female,Instagram,155.0,6.0,75.0,25.0,38.0,Happiness,3
178,26,Male,Twitter,75.0,2.0,23.0,12.0,18.0,Sadness,5
179,33,Non-binary,Facebook,65.0,1.0,13.0,7.0,14.0,Anxiety,1
180,27,Female,Whatsapp,90.0,4.0,37.0,18.0,20.0,Neutral,4
181,31,Male,Telegram,50.0,2.0,20.0,10.0,12.0,Sadness,5
182,24,Non-binary,Snapchat,85.0,3.0,33.0,20.0,18.0,Happiness,3
183,34,Female,Instagram,120.0,5.0,60.0,25.0,25.0,Anger,0
184,22,Male,Twitter,70.0,1.0,22.0,7.0,22.0,Neutral,4
185,29,Non-binary,Facebook,75.0,2.0,20.0,8.0,20.0,Boredom,2
186,28,Female,Whatsapp,100.0,4.0,37.0,14.0,26.0,Anxiety,1
187,31,Male,Telegram,85.0,3.0,45.0,20.0,28.0,Sadness,5
188,21,Non-binary,Snapchat,60.0,1.0,18.0,7.0,12.0,Neutral,4
189,25,Female,Instagram,170.0,6.0,83.0,30.0,33.0,Happiness,3
190,30,Male,Twitter,70.0,2.0,30.0,12.0,20.0,Anxiety,1
191,27,Non-binary,Facebook,50.0,1.0,10.0,4.0,10.0,Boredom,2
192,32,Female,Whatsapp,105.0,4.0,55.0,25.0,25.0,Anger,0
193,24,Male,Telegram,75.0,3.0,37.0,16.0,22.0,Neutral,4
194,29,Female,Snapchat,95.0,2.0,23.0,10.0,28.0,Sadness,5
195,26,Male,Instagram,150.0,5.0,70.0,25.0,30.0,Anxiety,1
196,33,Non-binary,Twitter,85.0,4.0,35.0,18.0,18.0,Boredom,2
197,22,Female,Facebook,70.0,1.0,14.0,6.0,10.0,Neutral,4
198,35,Male,Whatsapp,110.0,3.0,50.0,25.0,25.0,Happiness,3
199,28,Non-binary,Telegram,60.0,2.0,18.0,8.0,18.0,Anger,0
200,27,Female,Snapchat,120.0,4.0,40.0,18.0,22.0,Neutral,4
201,25,Female,Instagram,120.0,5.0,50.0,20.0,25.0,Happiness,3
202,30,Male,Twitter,90.0,4.0,30.0,20.0,22.0,Anger,0
203,22,Non-binary,Facebook,60.0,2.0,20.0,10.0,15.0,Neutral,4
204,28,Female,Instagram,200.0,8.0,110.0,40.0,45.0,Anxiety,1
205,33,Male,LinkedIn,45.0,1.0,10.0,5.0,12.0,Boredom,2
206,21,Male,Instagram,150.0,5.0,65.0,25.0,30.0,Happiness,3
207,27,Female,Twitter,85.0,3.0,40.0,18.0,20.0,Anger,0
208,24,Non-binary,Facebook,110.0,6.0,35.0,16.0,25.0,Sadness,5
209,29,Female,LinkedIn,55.0,2.0,15.0,5.0,10.0,Neutral,4
210,31,Male,Instagram,170.0,7.0,90.0,35.0,40.0,Happiness,3
211,23,Female,Twitter,75.0,4.0,45.0,20.0,25.0,Anxiety,1
212,26,Non-binary,Facebook,95.0,3.0,30.0,14.0,18.0,Sadness,5
213,34,Male,LinkedIn,65.0,1.0,14.0,6.0,15.0,Boredom,2
214,22,Female,Instagram,180.0,8.0,100.0,38.0,45.0,Happiness,3
215,28,Male,Twitter,100.0,6.0,50.0,30.0,29.0,Anger,0
216,21,Non-binary,Facebook,40.0,1.0,10.0,4.0,12.0,Neutral,4
217,35,Female,Instagram,125.0,5.0,65.0,22.0,28.0,Anxiety,1
218,27,Male,Twitter,90.0,3.0,40.0,16.0,24.0,Sadness,5
219,23,Non-binary,LinkedIn,50.0,1.0,12.0,6.0,12.0,Neutral,4
220,32,Female,Instagram,140.0,6.0,75.0,28.0,30.0,Happiness,3
221,26,Male,Facebook,75.0,2.0,30.0,14.0,20.0,Anxiety,1
222,24,Female,Twitter,105.0,4.0,35.0,20.0,23.0,Anger,0
223,29,Male,LinkedIn,60.0,2.0,17.0,8.0,15.0,Boredom,2
224,33,Non-binary,Instagram,190.0,8.0,105.0,36.0,50.0,Happiness,3
225,22,Female,Twitter,70.0,3.0,25.0,16.0,15.0,Sadness,5
226,31,Male,Facebook,80.0,2.0,20.0,10.0,20.0,Neutral,4
227,27,Non-binary,LinkedIn,55.0,1.0,12.0,5.0,11.0,Anxiety,1
228,25,Female,Instagram,160.0,6.0,85.0,26.0,30.0,Happiness,3
229,30,Male,Twitter,90.0,4.0,43.0,19.0,24.0,Anger,0
230,26,Non-binary,Facebook,45.0,1.0,8.0,4.0,12.0,Sadness,5
231,34,Female,LinkedIn,65.0,2.0,17.0,5.0,14.0,Boredom,2
232,28,Male,Instagram,145.0,7.0,80.0,30.0,35.0,Happiness,3
233,23,Non-binary,Twitter,70.0,3.0,30.0,14.0,18.0,Neutral,4
234,21,Female,Instagram,130.0,6.0,95.0,22.0,28.0,Sadness,5
235,29,Male,Facebook,65.0,2.0,27.0,11.0,22.0,Anxiety,1
236,24,Non-binary,LinkedIn,55.0,1.0,11.0,6.0,11.0,Boredom,2
237,33,Female,Instagram,170.0,7.0,95.0,30.0,38.0,Happiness,3
238,27,Male,Twitter,85.0,4.0,45.0,18.0,24.0,Anger,0
239,22,Female,Instagram,115.0,3.0,60.0,17.0,30.0,Neutral,4
240,28,Non-binary,Facebook,100.0,2.0,22.0,12.0,25.0,Anxiety,1
241,31,Male,LinkedIn,45.0,1.0,9.0,4.0,10.0,Sadness,5
242,25,Female,Instagram,150.0,6.0,90.0,26.0,30.0,Happiness,3
243,29,Male,Twitter,95.0,4.0,50.0,22.0,22.0,Anger,0
244,23,Non-binary,Facebook,105.0,2.0,25.0,12.0,18.0,Neutral,4
245,35,Female,LinkedIn,60.0,1.0,15.0,7.0,14.0,Boredom,2
246,30,Male,Instagram,175.0,7.0,100.0,33.0,38.0,Happiness,3
247,21,Female,Twitter,90.0,3.0,37.0,14.0,20.0,Sadness,5
248,26,Non-binary,Facebook,75.0,2.0,30.0,12.0,18.0,Anxiety,1
249,32,Male,Instagram,130.0,5.0,80.0,28.0,31.0,Neutral,4
250,28,Female,LinkedIn,55.0,1.0,12.0,6.0,10.0,Boredom,2
251,Male,27,Instagram,165.0,6.0,85.0,30.0,28.0,Happiness,3
252,Female,24,Twitter,75.0,3.0,33.0,18.0,19.0,Anger,0
253,Non-binary,29,Facebook,85.0,2.0,27.0,9.0,20.0,Neutral,4
254,Female,33,Instagram,145.0,4.0,65.0,23.0,35.0,Sadness,5
255,Male,31,LinkedIn,60.0,1.0,15.0,7.0,17.0,Anxiety,1
256,Female,22,Whatsapp,70.0,2.0,42.0,10.0,21.0,Anxiety,1
257,Male,25,Telegram,90.0,3.0,22.0,11.0,22.0,Boredom,2
258,Non-binary,29,Snapchat,50.0,2.0,18.0,7.0,18.0,Sadness,5
259,Female,28,Twitter,95.0,4.0,48.0,22.0,25.0,Happiness,3
260,Male,27,Facebook,60.0,1.0,12.0,5.0,15.0,Boredom,2
261,Female,30,Instagram,175.0,6.0,72.0,30.0,33.0,Happiness,3
262,Male,23,Whatsapp,70.0,3.0,22.0,10.0,18.0,Anger,0
263,Non-binary,34,Telegram,80.0,2.0,21.0,8.0,20.0,Neutral,4
264,Female,26,Snapchat,120.0,4.0,55.0,18.0,30.0,Anxiety,1
265,Male,25,Twitter,90.0,6.0,42.0,14.0,26.0,Sadness,5
266,Non-binary,29,Facebook,60.0,1.0,12.0,4.0,12.0,Boredom,2
267,Male,28,Instagram,165.0,5.0,78.0,23.0,35.0,Happiness,3
268,Female,31,Whatsapp,65.0,2.0,27.0,10.0,20.0,Neutral,4
269,Male,27,Telegram,105.0,3.0,48.0,20.0,28.0,Anxiety,1
270,Non-binary,22,Snapchat,75.0,2.0,21.0,8.0,20.0,Sadness,5
271,Female,24,Instagram,140.0,4.0,65.0,22.0,30.0,Happiness,3
272,Male,35,Twitter,70.0,1.0,13.0,8.0,10.0,Boredom,2
273,Non-binary,21,Facebook,55.0,3.0,17.0,7.0,12.0,Neutral,4
274,Female,29,Whatsapp,90.0,2.0,24.0,12.0,22.0,Anger,0
275,Male,25,Telegram,80.0,4.0,30.0,13.0,25.0,Neutral,4
276,Non-binary,28,Snapchat,115.0,3.0,38.0,18.0,27.0,Anxiety,1
277,Female,32,Instagram,155.0,6.0,75.0,25.0,38.0,Happiness,3
278,Male,26,Twitter,75.0,2.0,23.0,12.0,18.0,Sadness,5
279,Non-binary,33,Facebook,65.0,1.0,13.0,7.0,14.0,Anxiety,1
280,Female,27,Whatsapp,90.0,4.0,37.0,18.0,20.0,Neutral,4
281,Male,31,Telegram,50.0,2.0,20.0,10.0,12.0,Sadness,5
282,Non-binary,24,Snapchat,85.0,3.0,33.0,20.0,18.0,Happiness,3
283,Female,34,Instagram,120.0,5.0,60.0,25.0,25.0,Anger,0
284,Male,22,Twitter,70.0,1.0,22.0,7.0,22.0,Neutral,4
285,Non-binary,29,Facebook,75.0,2.0,20.0,8.0,20.0,Boredom,2
286,Female,28,Whatsapp,100.0,4.0,37.0,14.0,26.0,Anxiety,1
287,Male,31,Telegram,85.0,3.0,45.0,20.0,28.0,Sadness,5
288,Non-binary,21,Snapchat,60.0,1.0,18.0,7.0,12.0,Neutral,4
289,25,Female,Instagram,170.0,6.0,83.0,30.0,33.0,Happiness,3
290,30,Male,Twitter,70.0,2.0,30.0,12.0,20.0,Anxiety,1
291,27,Non-binary,Facebook,50.0,1.0,10.0,4.0,10.0,Boredom,2
292,32,Female,Whatsapp,105.0,4.0,55.0,25.0,25.0,Anger,0
293,24,Male,Telegram,75.0,3.0,37.0,16.0,22.0,Neutral,4
294,29,Female,Snapchat,95.0,2.0,23.0,10.0,28.0,Sadness,5
295,26,Male,Instagram,150.0,5.0,70.0,25.0,30.0,Anxiety,1
296,33,Non-binary,Twitter,85.0,4.0,35.0,18.0,18.0,Boredom,2
297,22,Female,Facebook,70.0,1.0,14.0,6.0,10.0,Neutral,4
298,35,Male,Whatsapp,110.0,3.0,50.0,25.0,25.0,Happiness,3
299,28,Non-binary,Telegram,60.0,2.0,18.0,8.0,18.0,Anger,0
300,27,Female,Snapchat,120.0,4.0,40.0,18.0,22.0,Neutral,4
301,25,Female,Instagram,120.0,5.0,50.0,20.0,25.0,Happiness,3
302,30,Male,Twitter,90.0,4.0,30.0,20.0,22.0,Anger,0
303,22,Non-binary,Facebook,60.0,2.0,20.0,10.0,15.0,Neutral,4
304,28,Female,Instagram,200.0,8.0,110.0,40.0,45.0,Anxiety,1
305,33,Male,LinkedIn,45.0,1.0,10.0,5.0,12.0,Boredom,2
306,21,Male,Instagram,150.0,5.0,65.0,25.0,30.0,Happiness,3
307,27,Female,Twitter,85.0,3.0,40.0,18.0,20.0,Anger,0
308,24,Non-binary,Facebook,110.0,6.0,35.0,16.0,25.0,Sadness,5
309,29,Female,LinkedIn,55.0,2.0,15.0,5.0,10.0,Neutral,4
310,31,Male,Instagram,170.0,7.0,90.0,35.0,40.0,Happiness,3
311,23,Female,Twitter,75.0,4.0,45.0,20.0,25.0,Anxiety,1
312,26,Non-binary,Facebook,95.0,3.0,30.0,14.0,18.0,Sadness,5
313,34,Male,LinkedIn,65.0,1.0,14.0,6.0,15.0,Boredom,2
314,22,Female,Instagram,180.0,8.0,100.0,38.0,45.0,Happiness,3
315,28,Male,Twitter,100.0,6.0,50.0,30.0,29.0,Anger,0
316,21,Non-binary,Facebook,40.0,1.0,10.0,4.0,12.0,Neutral,4
317,35,Female,Instagram,125.0,5.0,65.0,22.0,28.0,Anxiety,1
318,27,Male,Twitter,90.0,3.0,40.0,16.0,24.0,Sadness,5
319,23,Non-binary,LinkedIn,50.0,1.0,12.0,6.0,12.0,Neutral,4
320,32,Female,Instagram,140.0,6.0,75.0,28.0,30.0,Happiness,3
321,26,Male,Facebook,75.0,2.0,30.0,14.0,20.0,Anxiety,1
322,24,Female,Twitter,105.0,4.0,35.0,20.0,23.0,Anger,0
323,29,Male,LinkedIn,60.0,2.0,17.0,8.0,15.0,Boredom,2
324,33,Non-binary,Instagram,190.0,8.0,105.0,36.0,50.0,Happiness,3
325,22,Female,Twitter,70.0,3.0,25.0,16.0,15.0,Sadness,5
326,31,Male,Facebook,80.0,2.0,20.0,10.0,20.0,Neutral,4
327,27,Non-binary,LinkedIn,55.0,1.0,12.0,5.0,11.0,Anxiety,1
328,25,Female,Instagram,160.0,6.0,85.0,26.0,30.0,Happiness,3
329,30,Male,Twitter,90.0,4.0,43.0,19.0,24.0,Anger,0
330,26,Non-binary,Facebook,45.0,1.0,8.0,4.0,12.0,Sadness,5
331,34,Female,LinkedIn,65.0,2.0,17.0,5.0,14.0,Boredom,2
332,28,Male,Instagram,145.0,7.0,80.0,30.0,35.0,Happiness,3
333,23,Non-binary,Twitter,70.0,3.0,30.0,14.0,18.0,Neutral,4
334,21,Female,Instagram,130.0,6.0,95.0,22.0,28.0,Sadness,5
335,29,Male,Facebook,65.0,2.0,27.0,11.0,22.0,Anxiety,1
336,24,Non-binary,LinkedIn,55.0,1.0,11.0,6.0,11.0,Boredom,2
337,33,Female,Instagram,170.0,7.0,95.0,30.0,38.0,Happiness,3
338,27,Male,Twitter,85.0,4.0,45.0,18.0,24.0,Anger,0
339,22,Female,Instagram,115.0,3.0,60.0,17.0,30.0,Neutral,4
340,28,Non-binary,Facebook,100.0,2.0,22.0,12.0,25.0,Anxiety,1
341,31,Male,LinkedIn,45.0,1.0,9.0,4.0,10.0,Sadness,5
342,25,Female,Instagram,150.0,6.0,90.0,26.0,30.0,Happiness,3
343,29,Male,Twitter,95.0,4.0,50.0,22.0,22.0,Anger,0
344,23,Non-binary,Facebook,105.0,2.0,25.0,12.0,18.0,Neutral,4
345,35,Female,LinkedIn,60.0,1.0,15.0,7.0,14.0,Boredom,2
346,30,Male,Instagram,175.0,7.0,100.0,33.0,38.0,Happiness,3
347,21,Female,Twitter,90.0,3.0,37.0,14.0,20.0,Sadness,5
348,26,Non-binary,Facebook,75.0,2.0,30.0,12.0,18.0,Anxiety,1
349,32,Male,Instagram,130.0,5.0,80.0,28.0,31.0,Neutral,4
350,28,Female,LinkedIn,55.0,1.0,12.0,6.0,10.0,Boredom,2
351,27,Male,Instagram,165.0,6.0,85.0,30.0,28.0,Happiness,3
352,24,Female,Twitter,75.0,3.0,33.0,18.0,19.0,Anger,0
353,29,Non-binary,Facebook,85.0,2.0,27.0,9.0,20.0,Neutral,4
354,33,Female,Instagram,145.0,4.0,65.0,23.0,35.0,Sadness,5
355,31,Male,LinkedIn,60.0,1.0,15.0,7.0,17.0,Anxiety,1
356,22,Female,Whatsapp,70.0,2.0,42.0,10.0,21.0,Anxiety,1
357,25,Male,Telegram,90.0,3.0,22.0,11.0,22.0,Boredom,2
358,29,Non-binary,Snapchat,50.0,2.0,18.0,7.0,18.0,Sadness,5
359,28,Female,Twitter,95.0,4.0,48.0,22.0,25.0,Happiness,3
360,27,Male,Facebook,60.0,1.0,12.0,5.0,15.0,Boredom,2
361,30,Female,Instagram,175.0,6.0,72.0,30.0,33.0,Happiness,3
362,23,Male,Whatsapp,70.0,3.0,22.0,10.0,18.0,Anger,0
363,34,Non-binary,Telegram,80.0,2.0,21.0,8.0,20.0,Neutral,4
364,26,Female,Snapchat,120.0,4.0,55.0,18.0,30.0,Anxiety,1
365,25,Male,Twitter,90.0,6.0,42.0,14.0,26.0,Sadness,5
366,29,Non-binary,Facebook,60.0,1.0,12.0,4.0,12.0,Boredom,2
367,28,Male,Instagram,165.0,5.0,78.0,23.0,35.0,Happiness,3
368,31,Female,Whatsapp,65.0,2.0,27.0,10.0,20.0,Neutral,4
369,27,Male,Telegram,105.0,3.0,48.0,20.0,28.0,Anxiety,1
370,22,Non-binary,Snapchat,75.0,2.0,21.0,8.0,20.0,Sadness,5
371,24,Female,Instagram,140.0,4.0,65.0,22.0,30.0,Happiness,3
372,35,Male,Twitter,70.0,1.0,13.0,8.0,10.0,Boredom,2
373,21,Non-binary,Facebook,55.0,3.0,17.0,7.0,12.0,Neutral,4
374,29,Female,Whatsapp,90.0,2.0,24.0,12.0,22.0,Anger,0
375,25,Male,Telegram,80.0,4.0,30.0,13.0,25.0,Neutral,4
376,28,Non-binary,Snapchat,115.0,3.0,38.0,18.0,27.0,Anxiety,1
377,32,Female,Instagram,155.0,6.0,75.0,25.0,38.0,Happiness,3
378,26,Male,Twitter,75.0,2.0,23.0,12.0,18.0,Sadness,5
379,33,Non-binary,Facebook,65.0,1.0,13.0,7.0,14.0,Anxiety,1
380,27,Female,Whatsapp,90.0,4.0,37.0,18.0,20.0,Neutral,4
381,31,Male,Telegram,50.0,2.0,20.0,10.0,12.0,Sadness,5
382,24,Non-binary,Snapchat,85.0,3.0,33.0,20.0,18.0,Happiness,3
383,34,Female,Instagram,120.0,5.0,60.0,25.0,25.0,Anger,0
384,22,Male,Twitter,70.0,1.0,22.0,7.0,22.0,Neutral,4
385,29,Non-binary,Facebook,75.0,2.0,20.0,8.0,20.0,Boredom,2
386,28,Female,Whatsapp,100.0,4.0,37.0,14.0,26.0,Anxiety,1
387,31,Male,Telegram,85.0,3.0,45.0,20.0,28.0,Sadness,5
388,21,Non-binary,Snapchat,60.0,1.0,18.0,7.0,12.0,Neutral,4
389,25,Female,Instagram,170.0,6.0,83.0,30.0,33.0,Happiness,3
390,30,Male,Twitter,70.0,2.0,30.0,12.0,20.0,Anxiety,1
391,27,Non-binary,Facebook,50.0,1.0,10.0,4.0,10.0,Boredom,2
392,32,Female,Whatsapp,105.0,4.0,55.0,25.0,25.0,Anger,0
393,24,Male,Telegram,75.0,3.0,37.0,16.0,22.0,Neutral,4
394,29,Female,Snapchat,95.0,2.0,23.0,10.0,28.0,Sadness,5
395,26,Male,Instagram,150.0,5.0,70.0,25.0,30.0,Anxiety,1
396,33,Non-binary,Twitter,85.0,4.0,35.0,18.0,18.0,Boredom,2
397,22,Female,Facebook,70.0,1.0,14.0,6.0,10.0,Neutral,4
398,35,Male,Whatsapp,110.0,3.0,50.0,25.0,25.0,Happiness,3
399,28,Non-binary,Telegram,60.0,2.0,18.0,8.0,18.0,Anger,0
400,27,Female,Snapchat,120.0,4.0,40.0,18.0,22.0,Neutral,4
401,25,Female,Instagram,120.0,5.0,50.0,20.0,25.0,Happiness,3
402,30,Male,Twitter,90.0,4.0,30.0,20.0,22.0,Anger,0
403,22,Non-binary,Facebook,60.0,2.0,20.0,10.0,15.0,Neutral,4
404,28,Female,Instagram,200.0,8.0,110.0,40.0,45.0,Anxiety,1
405,33,Male,LinkedIn,45.0,1.0,10.0,5.0,12.0,Boredom,2
406,21,Male,Instagram,150.0,5.0,65.0,25.0,30.0,Happiness,3
407,27,Female,Twitter,85.0,3.0,40.0,18.0,20.0,Anger,0
408,24,Non-binary,Facebook,110.0,6.0,35.0,16.0,25.0,Sadness,5
409,29,Female,LinkedIn,55.0,2.0,15.0,5.0,10.0,Neutral,4
410,31,Male,Instagram,170.0,7.0,90.0,35.0,40.0,Happiness,3
411,23,Female,Twitter,75.0,4.0,45.0,20.0,25.0,Anxiety,1
412,26,Non-binary,Facebook,95.0,3.0,30.0,14.0,18.0,Sadness,5
413,34,Male,LinkedIn,65.0,1.0,14.0,6.0,15.0,Boredom,2
414,22,Female,Instagram,180.0,8.0,100.0,38.0,45.0,Happiness,3
415,28,Male,Twitter,100.0,6.0,50.0,30.0,29.0,Anger,0
416,21,Non-binary,Facebook,40.0,1.0,10.0,4.0,12.0,Neutral,4
417,35,Female,Instagram,125.0,5.0,65.0,22.0,28.0,Anxiety,1
418,27,Male,Twitter,90.0,3.0,40.0,16.0,24.0,Sadness,5
419,23,Non-binary,LinkedIn,50.0,1.0,12.0,6.0,12.0,Neutral,4
420,32,Female,Instagram,140.0,6.0,75.0,28.0,30.0,Happiness,3
421,26,Male,Facebook,75.0,2.0,30.0,14.0,20.0,Anxiety,1
422,24,Female,Twitter,105.0,4.0,35.0,20.0,23.0,Anger,0
423,29,Male,LinkedIn,60.0,2.0,17.0,8.0,15.0,Boredom,2
424,33,Non-binary,Instagram,190.0,8.0,105.0,36.0,50.0,Happiness,3
425,22,Female,Twitter,70.0,3.0,25.0,16.0,15.0,Sadness,5
426,31,Male,Facebook,80.0,2.0,20.0,10.0,20.0,Neutral,4
427,27,Non-binary,LinkedIn,55.0,1.0,12.0,5.0,11.0,Anxiety,1
428,25,Female,Instagram,160.0,6.0,85.0,26.0,30.0,Happiness,3
429,30,Male,Twitter,90.0,4.0,43.0,19.0,24.0,Anger,0
430,26,Non-binary,Facebook,45.0,1.0,8.0,4.0,12.0,Sadness,5
431,34,Female,LinkedIn,65.0,2.0,17.0,5.0,14.0,Boredom,2
432,28,Male,Instagram,145.0,7.0,80.0,30.0,35.0,Happiness,3
433,23,Non-binary,Twitter,70.0,3.0,30.0,14.0,18.0,Neutral,4
434,21,Female,Instagram,130.0,6.0,95.0,22.0,28.0,Sadness,5
435,29,Male,Facebook,65.0,2.0,27.0,11.0,22.0,Anxiety,1
436,24,Non-binary,LinkedIn,55.0,1.0,11.0,6.0,11.0,Boredom,2
437,33,Female,Instagram,170.0,7.0,95.0,30.0,38.0,Happiness,3
438,27,Male,Twitter,85.0,4.0,45.0,18.0,24.0,Anger,0
439,22,Female,Instagram,115.0,3.0,60.0,17.0,30.0,Neutral,4
440,28,Non-binary,Facebook,100.0,2.0,22.0,12.0,25.0,Anxiety,1
441,31,Male,LinkedIn,45.0,1.0,9.0,4.0,10.0,Sadness,5
442,25,Female,Instagram,150.0,6.0,90.0,26.0,30.0,Happiness,3
443,29,Male,Twitter,95.0,4.0,50.0,22.0,22.0,Anger,0
444,23,Non-binary,Facebook,105.0,2.0,25.0,12.0,18.0,Neutral,4
445,35,Female,LinkedIn,60.0,1.0,15.0,7.0,14.0,Boredom,2
446,30,Male,Instagram,175.0,7.0,100.0,33.0,38.0,Happiness,3
447,21,Female,Twitter,90.0,3.0,37.0,14.0,20.0,Sadness,5
448,26,Non-binary,Facebook,75.0,2.0,30.0,12.0,18.0,Anxiety,1
449,32,Male,Instagram,130.0,5.0,80.0,28.0,31.0,Neutral,4
450,28,Female,LinkedIn,55.0,1.0,12.0,6.0,10.0,Boredom,2
451,27,Male,Instagram,165.0,6.0,85.0,30.0,28.0,Happiness,3
452,24,Female,Twitter,75.0,3.0,33.0,18.0,19.0,Anger,0
453,29,Non-binary,Facebook,85.0,2.0,27.0,9.0,20.0,Neutral,4
454,33,Female,Instagram,145.0,4.0,65.0,23.0,35.0,Sadness,5
455,31,Male,LinkedIn,60.0,1.0,15.0,7.0,17.0,Anxiety,1
456,22,Female,Whatsapp,70.0,2.0,42.0,10.0,21.0,Anxiety,1
457,25,Male,Telegram,90.0,3.0,22.0,11.0,22.0,Boredom,2
458,29,Non-binary,Snapchat,50.0,2.0,18.0,7.0,18.0,Sadness,5
459,28,Female,Twitter,95.0,4.0,48.0,22.0,25.0,Happiness,3
460,27,Male,Facebook,60.0,1.0,12.0,5.0,15.0,Boredom,2
461,30,Female,Instagram,175.0,6.0,72.0,30.0,33.0,Happiness,3
462,23,Male,Whatsapp,70.0,3.0,22.0,10.0,18.0,Anger,0
463,34,Non-binary,Telegram,80.0,2.0,21.0,8.0,20.0,Neutral,4
464,26,Female,Snapchat,120.0,4.0,55.0,18.0,30.0,Anxiety,1
465,25,Male,Twitter,90.0,6.0,42.0,14.0,26.0,Sadness,5
466,29,Non-binary,Facebook,60.0,1.0,12.0,4.0,12.0,Boredom,2
467,28,Male,Instagram,165.0,5.0,78.0,23.0,35.0,Happiness,3
468,31,Female,Whatsapp,65.0,2.0,27.0,10.0,20.0,Neutral,4
469,27,Male,Telegram,105.0,3.0,48.0,20.0,28.0,Anxiety,1
470,22,Non-binary,Snapchat,75.0,2.0,21.0,8.0,20.0,Sadness,5
471,24,Female,Instagram,140.0,4.0,65.0,22.0,30.0,Happiness,3
472,35,Male,Twitter,70.0,1.0,13.0,8.0,10.0,Boredom,2
473,21,Non-binary,Facebook,55.0,3.0,17.0,7.0,12.0,Neutral,4
474,29,Female,Whatsapp,90.0,2.0,24.0,12.0,22.0,Anger,0
475,25,Male,Telegram,80.0,4.0,30.0,13.0,25.0,Neutral,4
476,28,Non-binary,Snapchat,115.0,3.0,38.0,18.0,27.0,Anxiety,1
477,32,Female,Instagram,155.0,6.0,75.0,25.0,38.0,Happiness,3
478,26,Male,Twitter,75.0,2.0,23.0,12.0,18.0,Sadness,5
479,33,Non-binary,Facebook,65.0,1.0,13.0,7.0,14.0,Anxiety,1
480,27,Female,Whatsapp,90.0,4.0,37.0,18.0,20.0,Neutral,4
481,31,Male,Telegram,50.0,2.0,20.0,10.0,12.0,Sadness,5
482,24,Non-binary,Snapchat,85.0,3.0,33.0,20.0,18.0,Happiness,3
483,34,Female,Instagram,120.0,5.0,60.0,25.0,25.0,Anger,0
484,22,Male,Twitter,70.0,1.0,22.0,7.0,22.0,Neutral,4
485,29,Non-binary,Facebook,75.0,2.0,20.0,8.0,20.0,Boredom,2
486,28,Female,Whatsapp,100.0,4.0,37.0,14.0,26.0,Anxiety,1
487,31,Male,Telegram,85.0,3.0,45.0,20.0,28.0,Sadness,5
488,21,Non-binary,Snapchat,60.0,1.0,18.0,7.0,12.0,Neutral,4
489,25,Female,Instagram,170.0,6.0,83.0,30.0,33.0,Happiness,3
490,30,Male,Twitter,70.0,2.0,30.0,12.0,20.0,Anxiety,1
491,27,Non-binary,Facebook,50.0,1.0,10.0,4.0,10.0,Boredom,2
492,32,Female,Whatsapp,105.0,4.0,55.0,25.0,25.0,Anger,0
493,24,Male,Telegram,75.0,3.0,37.0,16.0,22.0,Neutral,4
494,29,Female,Snapchat,95.0,2.0,23.0,10.0,28.0,Sadness,5
495,26,Male,Instagram,150.0,5.0,70.0,25.0,30.0,Anxiety,1
496,33,Non-binary,Twitter,85.0,4.0,35.0,18.0,18.0,Boredom,2
497,22,Female,Facebook,70.0,1.0,14.0,6.0,10.0,Neutral,4
498,35,Male,Whatsapp,110.0,3.0,50.0,25.0,25.0,Happiness,3
499,28,Non-binary,Telegram,60.0,2.0,18.0,8.0,18.0,Anger,0
500,27,Female,Snapchat,120.0,4.0,40.0,18.0,22.0,Neutral,4
501,25,Female,Instagram,120.0,5.0,50.0,20.0,25.0,Happiness,3
502,30,Male,Twitter,90.0,4.0,30.0,20.0,22.0,Anger,0
503,22,Non-binary,Facebook,60.0,2.0,20.0,10.0,15.0,Neutral,4
504,28,Female,Instagram,200.0,8.0,110.0,40.0,45.0,Anxiety,1
505,33,Male,LinkedIn,45.0,1.0,10.0,5.0,12.0,Boredom,2
506,21,Male,Instagram,150.0,5.0,65.0,25.0,30.0,Happiness,3
507,27,Female,Twitter,85.0,3.0,40.0,18.0,20.0,Anger,0
508,24,Non-binary,Facebook,110.0,6.0,35.0,16.0,25.0,Sadness,5
509,29,Female,LinkedIn,55.0,2.0,15.0,5.0,10.0,Neutral,4
510,31,Male,Instagram,170.0,7.0,90.0,35.0,40.0,Happiness,3
511,23,Female,Twitter,75.0,4.0,45.0,20.0,25.0,Anxiety,1
512,26,Non-binary,Facebook,95.0,3.0,30.0,14.0,18.0,Sadness,5
513,34,Male,LinkedIn,65.0,1.0,14.0,6.0,15.0,Boredom,2
514,22,Female,Instagram,180.0,8.0,100.0,38.0,45.0,Happiness,3
515,28,Male,Twitter,100.0,6.0,50.0,30.0,29.0,Anger,0
516,21,Non-binary,Facebook,40.0,1.0,10.0,4.0,12.0,Neutral,4
517,35,Female,Instagram,125.0,5.0,65.0,22.0,28.0,Anxiety,1
518,27,Male,Twitter,90.0,3.0,40.0,16.0,24.0,Sadness,5
519,23,Non-binary,LinkedIn,50.0,1.0,12.0,6.0,12.0,Neutral,4
520,32,Female,Instagram,140.0,6.0,75.0,28.0,30.0,Happiness,3
521,26,Male,Facebook,75.0,2.0,30.0,14.0,20.0,Anxiety,1
522,24,Female,Twitter,105.0,4.0,35.0,20.0,23.0,Anger,0
523,29,Male,LinkedIn,60.0,2.0,17.0,8.0,15.0,Boredom,2
524,33,Non-binary,Instagram,190.0,8.0,105.0,36.0,50.0,Happiness,3
525,22,Female,Twitter,70.0,3.0,25.0,16.0,15.0,Sadness,5
526,31,Male,Facebook,80.0,2.0,20.0,10.0,20.0,Neutral,4
527,27,Non-binary,LinkedIn,55.0,1.0,12.0,5.0,11.0,Anxiety,1
528,25,Female,Instagram,160.0,6.0,85.0,26.0,30.0,Happiness,3
529,30,Male,Twitter,90.0,4.0,43.0,19.0,24.0,Anger,0
530,26,Non-binary,Facebook,45.0,1.0,8.0,4.0,12.0,Sadness,5
531,34,Female,LinkedIn,65.0,2.0,17.0,5.0,14.0,Boredom,2
532,28,Male,Instagram,145.0,7.0,80.0,30.0,35.0,Happiness,3
533,23,Non-binary,Twitter,70.0,3.0,30.0,14.0,18.0,Neutral,4
534,21,Female,Instagram,130.0,6.0,95.0,22.0,28.0,Sadness,5
535,29,Male,Facebook,65.0,2.0,27.0,11.0,22.0,Anxiety,1
536,24,Non-binary,LinkedIn,55.0,1.0,11.0,6.0,11.0,Boredom,2
537,33,Female,Instagram,170.0,7.0,95.0,30.0,38.0,Happiness,3
538,27,Male,Twitter,85.0,4.0,45.0,18.0,24.0,Anger,0
539,22,Female,Instagram,115.0,3.0,60.0,17.0,30.0,Neutral,4
540,28,Non-binary,Facebook,100.0,2.0,22.0,12.0,25.0,Anxiety,1
541,31,Male,LinkedIn,45.0,1.0,9.0,4.0,10.0,Sadness,5
542,25,Female,Instagram,150.0,6.0,90.0,26.0,30.0,Happiness,3
543,29,Male,Twitter,95.0,4.0,50.0,22.0,22.0,Anger,0
544,23,Non-binary,Facebook,105.0,2.0,25.0,12.0,18.0,Neutral,4
545,35,Female,LinkedIn,60.0,1.0,15.0,7.0,14.0,Boredom,2
546,30,Male,Instagram,175.0,7.0,100.0,33.0,38.0,Happiness,3
547,21,Female,Twitter,90.0,3.0,37.0,14.0,20.0,Sadness,5
548,26,Non-binary,Facebook,75.0,2.0,30.0,12.0,18.0,Anxiety,1
549,32,Male,Instagram,130.0,5.0,80.0,28.0,31.0,Neutral,4
550,28,Female,LinkedIn,55.0,1.0,12.0,6.0,10.0,Boredom,2
551,27,Male,Instagram,165.0,6.0,85.0,30.0,28.0,Happiness,3
552,24,Female,Twitter,75.0,3.0,33.0,18.0,19.0,Anger,0
553,29,Non-binary,Facebook,85.0,2.0,27.0,9.0,20.0,Neutral,4
554,33,Female,Instagram,145.0,4.0,65.0,23.0,35.0,Sadness,5
555,31,Male,LinkedIn,60.0,1.0,15.0,7.0,17.0,Anxiety,1
556,22,Female,Whatsapp,70.0,2.0,42.0,10.0,21.0,Anxiety,1
557,25,Male,Telegram,90.0,3.0,22.0,11.0,22.0,Boredom,2
558,29,Non-binary,Snapchat,50.0,2.0,18.0,7.0,18.0,Sadness,5
559,28,Female,Twitter,95.0,4.0,48.0,22.0,25.0,Happiness,3
560,27,Male,Facebook,60.0,1.0,12.0,5.0,15.0,Boredom,2
561,30,Female,Instagram,175.0,6.0,72.0,30.0,33.0,Happiness,3
562,23,Male,Whatsapp,70.0,3.0,22.0,10.0,18.0,Anger,0
563,34,Non-binary,Telegram,80.0,2.0,21.0,8.0,20.0,Neutral,4
564,26,Female,Snapchat,120.0,4.0,55.0,18.0,30.0,Anxiety,1
565,25,Male,Twitter,90.0,6.0,42.0,14.0,26.0,Sadness,5
566,29,Non-binary,Facebook,60.0,1.0,12.0,4.0,12.0,Boredom,2
567,28,Male,Instagram,165.0,5.0,78.0,23.0,35.0,Happiness,3
568,31,Female,Whatsapp,65.0,2.0,27.0,10.0,20.0,Neutral,4
569,27,Male,Telegram,105.0,3.0,48.0,20.0,28.0,Anxiety,1
570,22,Non-binary,Snapchat,75.0,2.0,21.0,8.0,20.0,Sadness,5
571,24,Female,Instagram,140.0,4.0,65.0,22.0,30.0,Happiness,3
572,35,Male,Twitter,70.0,1.0,13.0,8.0,10.0,Boredom,2
573,21,Non-binary,Facebook,55.0,3.0,17.0,7.0,12.0,Neutral,4
574,29,Female,Whatsapp,90.0,2.0,24.0,12.0,22.0,Anger,0
575,25,Male,Telegram,80.0,4.0,30.0,13.0,25.0,Neutral,4
576,28,Non-binary,Snapchat,115.0,3.0,38.0,18.0,27.0,Anxiety,1
577,32,Female,Instagram,155.0,6.0,75.0,25.0,38.0,Happiness,3
578,26,Male,Twitter,75.0,2.0,23.0,12.0,18.0,Sadness,5
579,33,Non-binary,Facebook,65.0,1.0,13.0,7.0,14.0,Anxiety,1
580,27,Female,Whatsapp,90.0,4.0,37.0,18.0,20.0,Neutral,4
581,31,Male,Telegram,50.0,2.0,20.0,10.0,12.0,Sadness,5
582,24,Non-binary,Snapchat,85.0,3.0,33.0,20.0,18.0,Happiness,3
583,34,Female,Instagram,120.0,5.0,60.0,25.0,25.0,Anger,0
584,22,Male,Twitter,70.0,1.0,22.0,7.0,22.0,Neutral,4
585,29,Non-binary,Facebook,75.0,2.0,20.0,8.0,20.0,Boredom,2
586,28,Female,Whatsapp,100.0,4.0,37.0,14.0,26.0,Anxiety,1
587,31,Male,Telegram,85.0,3.0,45.0,20.0,28.0,Sadness,5
588,21,Non-binary,Snapchat,60.0,1.0,18.0,7.0,12.0,Neutral,4
589,25,Female,Instagram,170.0,6.0,83.0,30.0,33.0,Happiness,3
590,30,Male,Twitter,70.0,2.0,30.0,12.0,20.0,Anxiety,1
591,27,Non-binary,Facebook,50.0,1.0,10.0,4.0,10.0,Boredom,2
592,32,Female,Whatsapp,105.0,4.0,55.0,25.0,25.0,Anger,0
593,24,Male,Telegram,75.0,3.0,37.0,16.0,22.0,Neutral,4
594,29,Female,Snapchat,95.0,2.0,23.0,10.0,28.0,Sadness,5
595,26,Male,Instagram,150.0,5.0,70.0,25.0,30.0,Anxiety,1
596,33,Non-binary,Twitter,85.0,4.0,35.0,18.0,18.0,Boredom,2
597,22,Female,Facebook,70.0,1.0,14.0,6.0,10.0,Neutral,4
598,35,Male,Whatsapp,110.0,3.0,50.0,25.0,25.0,Happiness,3
599,28,Non-binary,Telegram,60.0,2.0,18.0,8.0,18.0,Anger,0
600,27,Female,Snapchat,120.0,4.0,40.0,18.0,22.0,Neutral,4
601,25,Female,Instagram,120.0,5.0,50.0,20.0,25.0,Happiness,3
602,30,Male,Twitter,90.0,4.0,30.0,20.0,22.0,Anger,0
603,22,Non-binary,Facebook,60.0,2.0,20.0,10.0,15.0,Neutral,4
604,28,Female,Instagram,200.0,8.0,110.0,40.0,45.0,Anxiety,1
605,33,Male,LinkedIn,45.0,1.0,10.0,5.0,12.0,Boredom,2
606,21,Male,Instagram,150.0,5.0,65.0,25.0,30.0,Happiness,3
607,27,Female,Twitter,85.0,3.0,40.0,18.0,20.0,Anger,0
608,24,Non-binary,Facebook,110.0,6.0,35.0,16.0,25.0,Sadness,5
609,29,Female,LinkedIn,55.0,2.0,15.0,5.0,10.0,Neutral,4
610,31,Male,Instagram,170.0,7.0,90.0,35.0,40.0,Happiness,3
611,23,Female,Twitter,75.0,4.0,45.0,20.0,25.0,Anxiety,1
612,26,Non-binary,Facebook,95.0,3.0,30.0,14.0,18.0,Sadness,5
613,34,Male,LinkedIn,65.0,1.0,14.0,6.0,15.0,Boredom,2
614,22,Female,Instagram,180.0,8.0,100.0,38.0,45.0,Happiness,3
615,28,Male,Twitter,100.0,6.0,50.0,30.0,29.0,Anger,0
616,21,Non-binary,Facebook,40.0,1.0,10.0,4.0,12.0,Neutral,4
617,35,Female,Instagram,125.0,5.0,65.0,22.0,28.0,Anxiety,1
618,27,Male,Twitter,90.0,3.0,40.0,16.0,24.0,Sadness,5
619,23,Non-binary,LinkedIn,50.0,1.0,12.0,6.0,12.0,Neutral,4
620,32,Female,Instagram,140.0,6.0,75.0,28.0,30.0,Happiness,3
621,26,Male,Facebook,75.0,2.0,30.0,14.0,20.0,Anxiety,1
622,24,Female,Twitter,105.0,4.0,35.0,20.0,23.0,Anger,0
623,29,Male,LinkedIn,60.0,2.0,17.0,8.0,15.0,Boredom,2
624,33,Non-binary,Instagram,190.0,8.0,105.0,36.0,50.0,Happiness,3
625,22,Female,Twitter,70.0,3.0,25.0,16.0,15.0,Sadness,5
626,31,Male,Facebook,80.0,2.0,20.0,10.0,20.0,Neutral,4
627,27,Non-binary,LinkedIn,55.0,1.0,12.0,5.0,11.0,Anxiety,1
628,25,Female,Instagram,160.0,6.0,85.0,26.0,30.0,Happiness,3
629,30,Male,Twitter,90.0,4.0,43.0,19.0,24.0,Anger,0
630,26,Non-binary,Facebook,45.0,1.0,8.0,4.0,12.0,Sadness,5
631,34,Female,LinkedIn,65.0,2.0,17.0,5.0,14.0,Boredom,2
632,28,Male,Instagram,145.0,7.0,80.0,30.0,35.0,Happiness,3
633,23,Non-binary,Twitter,70.0,3.0,30.0,14.0,18.0,Neutral,4
634,21,Female,Instagram,130.0,6.0,95.0,22.0,28.0,Sadness,5
635,29,Male,Facebook,65.0,2.0,27.0,11.0,22.0,Anxiety,1
636,24,Non-binary,LinkedIn,55.0,1.0,11.0,6.0,11.0,Boredom,2
637,33,Female,Instagram,170.0,7.0,95.0,30.0,38.0,Happiness,3
638,27,Male,Twitter,85.0,4.0,45.0,18.0,24.0,Anger,0
639,22,Female,Instagram,115.0,3.0,60.0,17.0,30.0,Neutral,4
640,28,Non-binary,Facebook,100.0,2.0,22.0,12.0,25.0,Anxiety,1
641,31,Male,LinkedIn,45.0,1.0,9.0,4.0,10.0,Sadness,5
642,25,Female,Instagram,150.0,6.0,90.0,26.0,30.0,Happiness,3
643,29,Male,Twitter,95.0,4.0,50.0,22.0,22.0,Anger,0
644,23,Non-binary,Facebook,105.0,2.0,25.0,12.0,18.0,Neutral,4
645,35,Female,LinkedIn,60.0,1.0,15.0,7.0,14.0,Boredom,2
646,30,Male,Instagram,175.0,7.0,100.0,33.0,38.0,Happiness,3
647,21,Female,Twitter,90.0,3.0,37.0,14.0,20.0,Sadness,5
648,26,Non-binary,Facebook,75.0,2.0,30.0,12.0,18.0,Anxiety,1
649,32,Male,Instagram,130.0,5.0,80.0,28.0,31.0,Neutral,4
650,28,Female,LinkedIn,55.0,1.0,12.0,6.0,10.0,Boredom,2
651,27,Male,Instagram,165.0,6.0,85.0,30.0,28.0,Happiness,3
652,24,Female,Twitter,75.0,3.0,33.0,18.0,19.0,Anger,0
653,29,Non-binary,Facebook,85.0,2.0,27.0,9.0,20.0,Neutral,4
654,33,Female,Instagram,145.0,4.0,65.0,23.0,35.0,Sadness,5
655,31,Male,LinkedIn,60.0,1.0,15.0,7.0,17.0,Anxiety,1
656,22,Female,Whatsapp,70.0,2.0,42.0,10.0,21.0,Anxiety,1
657,25,Male,Telegram,90.0,3.0,22.0,11.0,22.0,Boredom,2
658,29,Non-binary,Snapchat,50.0,2.0,18.0,7.0,18.0,Sadness,5
659,28,Female,Twitter,95.0,4.0,48.0,22.0,25.0,Happiness,3
660,27,Male,Facebook,60.0,1.0,12.0,5.0,15.0,Boredom,2
661,30,Female,Instagram,175.0,6.0,72.0,30.0,33.0,Happiness,3
662,23,Male,Whatsapp,70.0,3.0,22.0,10.0,18.0,Anger,0
663,34,Non-binary,Telegram,80.0,2.0,21.0,8.0,20.0,Neutral,4
664,26,Female,Snapchat,120.0,4.0,55.0,18.0,30.0,Anxiety,1
665,25,Male,Twitter,90.0,6.0,42.0,14.0,26.0,Sadness,5
666,29,Non-binary,Facebook,60.0,1.0,12.0,4.0,12.0,Boredom,2
667,28,Male,Instagram,165.0,5.0,78.0,23.0,35.0,Happiness,3
668,31,Female,Whatsapp,65.0,2.0,27.0,10.0,20.0,Neutral,4
669,27,Male,Telegram,105.0,3.0,48.0,20.0,28.0,Anxiety,1
670,22,Non-binary,Snapchat,75.0,2.0,21.0,8.0,20.0,Sadness,5
671,24,Female,Instagram,140.0,4.0,65.0,22.0,30.0,Happiness,3
672,35,Male,Twitter,70.0,1.0,13.0,8.0,10.0,Boredom,2
673,21,Non-binary,Facebook,55.0,3.0,17.0,7.0,12.0,Neutral,4
674,29,Female,Whatsapp,90.0,2.0,24.0,12.0,22.0,Anger,0
675,25,Male,Telegram,80.0,4.0,30.0,13.0,25.0,Neutral,4
676,28,Non-binary,Snapchat,115.0,3.0,38.0,18.0,27.0,Anxiety,1
677,32,Female,Instagram,155.0,6.0,75.0,25.0,38.0,Happiness,3
678,26,Male,Twitter,75.0,2.0,23.0,12.0,18.0,Sadness,5
679,33,Non-binary,Facebook,65.0,1.0,13.0,7.0,14.0,Anxiety,1
680,27,Female,Whatsapp,90.0,4.0,37.0,18.0,20.0,Neutral,4
681,31,Male,Telegram,50.0,2.0,20.0,10.0,12.0,Sadness,5
682,24,Non-binary,Snapchat,85.0,3.0,33.0,20.0,18.0,Happiness,3
683,34,Female,Instagram,120.0,5.0,60.0,25.0,25.0,Anger,0
684,22,Male,Twitter,70.0,1.0,22.0,7.0,22.0,Neutral,4
685,29,Non-binary,Facebook,75.0,2.0,20.0,8.0,20.0,Boredom,2
686,28,Female,Whatsapp,100.0,4.0,37.0,14.0,26.0,Anxiety,1
687,31,Male,Telegram,85.0,3.0,45.0,20.0,28.0,Sadness,5
688,21,Non-binary,Snapchat,60.0,1.0,18.0,7.0,12.0,Neutral,4
689,25,Female,Instagram,170.0,6.0,83.0,30.0,33.0,Happiness,3
690,30,Male,Twitter,70.0,2.0,30.0,12.0,20.0,Anxiety,1
691,27,Non-binary,Facebook,50.0,1.0,10.0,4.0,10.0,Boredom,2
692,32,Female,Whatsapp,105.0,4.0,55.0,25.0,25.0,Anger,0
693,24,Male,Telegram,75.0,3.0,37.0,16.0,22.0,Neutral,4
694,29,Female,Snapchat,95.0,2.0,23.0,10.0,28.0,Sadness,5
695,26,Male,Instagram,150.0,5.0,70.0,25.0,30.0,Anxiety,1
696,33,Non-binary,Twitter,85.0,4.0,35.0,18.0,18.0,Boredom,2
697,22,Female,Facebook,70.0,1.0,14.0,6.0,10.0,Neutral,4
698,35,Male,Whatsapp,110.0,3.0,50.0,25.0,25.0,Happiness,3
699,28,Non-binary,Telegram,60.0,2.0,18.0,8.0,18.0,Anger,0
700,27,Female,Snapchat,120.0,4.0,40.0,18.0,22.0,Neutral,4
701,25,Female,Instagram,120.0,5.0,50.0,20.0,25.0,Happiness,3
702,30,Male,Twitter,90.0,4.0,30.0,20.0,22.0,Anger,0
703,22,Non-binary,Facebook,60.0,2.0,20.0,10.0,15.0,Neutral,4
704,28,Female,Instagram,200.0,8.0,110.0,40.0,45.0,Anxiety,1
705,33,Male,LinkedIn,45.0,1.0,10.0,5.0,12.0,Boredom,2
706,21,Male,Instagram,150.0,5.0,65.0,25.0,30.0,Happiness,3
707,27,Female,Twitter,85.0,3.0,40.0,18.0,20.0,Anger,0
708,24,Non-binary,Facebook,110.0,6.0,35.0,16.0,25.0,Sadness,5
709,29,Female,LinkedIn,55.0,2.0,15.0,5.0,10.0,Neutral,4
710,31,Male,Instagram,170.0,7.0,90.0,35.0,40.0,Happiness,3
711,23,Female,Twitter,75.0,4.0,45.0,20.0,25.0,Anxiety,1
712,26,Non-binary,Facebook,95.0,3.0,30.0,14.0,18.0,Sadness,5
713,34,Male,LinkedIn,65.0,1.0,14.0,6.0,15.0,Boredom,2
714,22,Female,Instagram,180.0,8.0,100.0,38.0,45.0,Happiness,3
715,28,Male,Twitter,100.0,6.0,50.0,30.0,29.0,Anger,0
716,21,Non-binary,Facebook,40.0,1.0,10.0,4.0,12.0,Neutral,4
717,35,Female,Instagram,125.0,5.0,65.0,22.0,28.0,Anxiety,1
718,27,Male,Twitter,90.0,3.0,40.0,16.0,24.0,Sadness,5
719,23,Non-binary,LinkedIn,50.0,1.0,12.0,6.0,12.0,Neutral,4
720,32,Female,Instagram,140.0,6.0,75.0,28.0,30.0,Happiness,3
721,26,Male,Facebook,75.0,2.0,30.0,14.0,20.0,Anxiety,1
722,24,Female,Twitter,105.0,4.0,35.0,20.0,23.0,Anger,0
723,29,Male,LinkedIn,60.0,2.0,17.0,8.0,15.0,Boredom,2
724,33,Non-binary,Instagram,190.0,8.0,105.0,36.0,50.0,Happiness,3
725,22,Female,Twitter,70.0,3.0,25.0,16.0,15.0,Sadness,5
726,31,Male,Facebook,80.0,2.0,20.0,10.0,20.0,Neutral,4
727,27,Non-binary,LinkedIn,55.0,1.0,12.0,5.0,11.0,Anxiety,1
728,25,Female,Instagram,160.0,6.0,85.0,26.0,30.0,Happiness,3
729,30,Male,Twitter,90.0,4.0,43.0,19.0,24.0,Anger,0
730,26,Non-binary,Facebook,45.0,1.0,8.0,4.0,12.0,Sadness,5
731,34,Female,LinkedIn,65.0,2.0,17.0,5.0,14.0,Boredom,2
732,28,Male,Instagram,145.0,7.0,80.0,30.0,35.0,Happiness,3
733,23,Non-binary,Twitter,70.0,3.0,30.0,14.0,18.0,Neutral,4
734,21,Female,Instagram,130.0,6.0,95.0,22.0,28.0,Sadness,5
735,29,Male,Facebook,65.0,2.0,27.0,11.0,22.0,Anxiety,1
736,24,Non-binary,LinkedIn,55.0,1.0,11.0,6.0,11.0,Boredom,2
737,33,Female,Instagram,170.0,7.0,95.0,30.0,38.0,Happiness,3
738,27,Male,Twitter,85.0,4.0,45.0,18.0,24.0,Anger,0
739,22,Female,Instagram,115.0,3.0,60.0,17.0,30.0,Neutral,4
740,28,Non-binary,Facebook,100.0,2.0,22.0,12.0,25.0,Anxiety,1
741,31,Male,LinkedIn,45.0,1.0,9.0,4.0,10.0,Sadness,5
742,25,Female,Instagram,150.0,6.0,90.0,26.0,30.0,Happiness,3
743,29,Male,Twitter,95.0,4.0,50.0,22.0,22.0,Anger,0
744,23,Non-binary,Facebook,105.0,2.0,25.0,12.0,18.0,Neutral,4
745,35,Female,LinkedIn,60.0,1.0,15.0,7.0,14.0,Boredom,2
746,30,Male,Instagram,175.0,7.0,100.0,33.0,38.0,Happiness,3
747,21,Female,Twitter,90.0,3.0,37.0,14.0,20.0,Sadness,5
748,26,Non-binary,Facebook,75.0,2.0,30.0,12.0,18.0,Anxiety,1
749,32,Male,Instagram,130.0,5.0,80.0,28.0,31.0,Neutral,4
750,28,Female,LinkedIn,55.0,1.0,12.0,6.0,10.0,Boredom,2
751,Male,27,Instagram,165.0,6.0,85.0,30.0,28.0,Happiness,3
752,Female,24,Twitter,75.0,3.0,33.0,18.0,19.0,Anger,0
753,Non-binary,29,Facebook,85.0,2.0,27.0,9.0,20.0,Neutral,4
754,Female,33,Instagram,145.0,4.0,65.0,23.0,35.0,Sadness,5
755,Male,31,LinkedIn,60.0,1.0,15.0,7.0,17.0,Anxiety,1
756,Female,22,Whatsapp,70.0,2.0,42.0,10.0,21.0,Anxiety,1
757,Male,25,Telegram,90.0,3.0,22.0,11.0,22.0,Boredom,2
758,Non-binary,29,Snapchat,50.0,2.0,18.0,7.0,18.0,Sadness,5
759,Female,28,Twitter,95.0,4.0,48.0,22.0,25.0,Happiness,3
760,Male,27,Facebook,60.0,1.0,12.0,5.0,15.0,Boredom,2
761,Female,30,Instagram,175.0,6.0,72.0,30.0,33.0,Happiness,3
762,Male,23,Whatsapp,70.0,3.0,22.0,10.0,18.0,Anger,0
763,Non-binary,34,Telegram,80.0,2.0,21.0,8.0,20.0,Neutral,4
764,Female,26,Snapchat,120.0,4.0,55.0,18.0,30.0,Anxiety,1
765,Male,25,Twitter,90.0,6.0,42.0,14.0,26.0,Sadness,5
766,Non-binary,29,Facebook,60.0,1.0,12.0,4.0,12.0,Boredom,2
767,Male,28,Instagram,165.0,5.0,78.0,23.0,35.0,Happiness,3
768,Female,31,Whatsapp,65.0,2.0,27.0,10.0,20.0,Neutral,4
769,Male,27,Telegram,105.0,3.0,48.0,20.0,28.0,Anxiety,1
770,Non-binary,22,Snapchat,75.0,2.0,21.0,8.0,20.0,Sadness,5
771,Female,24,Instagram,140.0,4.0,65.0,22.0,30.0,Happiness,3
772,Male,35,Twitter,70.0,1.0,13.0,8.0,10.0,Boredom,2
773,Non-binary,21,Facebook,55.0,3.0,17.0,7.0,12.0,Neutral,4
774,Female,29,Whatsapp,90.0,2.0,24.0,12.0,22.0,Anger,0
775,Male,25,Telegram,80.0,4.0,30.0,13.0,25.0,Neutral,4
776,Non-binary,28,Snapchat,115.0,3.0,38.0,18.0,27.0,Anxiety,1
777,Female,32,Instagram,155.0,6.0,75.0,25.0,38.0,Happiness,3
778,Male,26,Twitter,75.0,2.0,23.0,12.0,18.0,Sadness,5
779,Non-binary,33,Facebook,65.0,1.0,13.0,7.0,14.0,Anxiety,1
780,Female,27,Whatsapp,90.0,4.0,37.0,18.0,20.0,Neutral,4
781,Male,31,Telegram,50.0,2.0,20.0,10.0,12.0,Sadness,5
782,Non-binary,24,Snapchat,85.0,3.0,33.0,20.0,18.0,Happiness,3
783,Female,34,Instagram,120.0,5.0,60.0,25.0,25.0,Anger,0
784,Male,22,Twitter,70.0,1.0,22.0,7.0,22.0,Neutral,4
785,Non-binary,29,Facebook,75.0,2.0,20.0,8.0,20.0,Boredom,2
786,Female,28,Whatsapp,100.0,4.0,37.0,14.0,26.0,Anxiety,1
787,Male,31,Telegram,85.0,3.0,45.0,20.0,28.0,Sadness,5
788,Non-binary,21,Snapchat,60.0,1.0,18.0,7.0,12.0,Neutral,4
789,25,Female,Instagram,170.0,6.0,83.0,30.0,33.0,Happiness,3
790,30,Male,Twitter,70.0,2.0,30.0,12.0,20.0,Anxiety,1
791,27,Non-binary,Facebook,50.0,1.0,10.0,4.0,10.0,Boredom,2
792,32,Female,Whatsapp,105.0,4.0,55.0,25.0,25.0,Anger,0
793,24,Male,Telegram,75.0,3.0,37.0,16.0,22.0,Neutral,4
794,29,Female,Snapchat,95.0,2.0,23.0,10.0,28.0,Sadness,5
795,26,Male,Instagram,150.0,5.0,70.0,25.0,30.0,Anxiety,1
796,33,Non-binary,Twitter,85.0,4.0,35.0,18.0,18.0,Boredom,2
797,22,Female,Facebook,70.0,1.0,14.0,6.0,10.0,Neutral,4
798,35,Male,Whatsapp,110.0,3.0,50.0,25.0,25.0,Happiness,3
799,28,Non-binary,Telegram,60.0,2.0,18.0,8.0,18.0,Anger,0
800,27,Female,Snapchat,120.0,4.0,40.0,18.0,22.0,Neutral,4
801,25,Female,Instagram,120.0,5.0,50.0,20.0,25.0,Happiness,3
802,30,Male,Twitter,90.0,4.0,30.0,20.0,22.0,Anger,0
803,22,Non-binary,Facebook,60.0,2.0,20.0,10.0,15.0,Neutral,4
804,28,Female,Instagram,200.0,8.0,110.0,40.0,45.0,Anxiety,1
805,33,Male,LinkedIn,45.0,1.0,10.0,5.0,12.0,Boredom,2
806,21,Male,Instagram,150.0,5.0,65.0,25.0,30.0,Happiness,3
807,27,Female,Twitter,85.0,3.0,40.0,18.0,20.0,Anger,0
808,24,Non-binary,Facebook,110.0,6.0,35.0,16.0,25.0,Sadness,5
809,29,Female,LinkedIn,55.0,2.0,15.0,5.0,10.0,Neutral,4
810,31,Male,Instagram,170.0,7.0,90.0,35.0,40.0,Happiness,3
811,23,Female,Twitter,75.0,4.0,45.0,20.0,25.0,Anxiety,1
812,26,Non-binary,Facebook,95.0,3.0,30.0,14.0,18.0,Sadness,5
813,34,Male,LinkedIn,65.0,1.0,14.0,6.0,15.0,Boredom,2
814,22,Female,Instagram,180.0,8.0,100.0,38.0,45.0,Happiness,3
815,28,Male,Twitter,100.0,6.0,50.0,30.0,29.0,Anger,0
816,21,Non-binary,Facebook,40.0,1.0,10.0,4.0,12.0,Neutral,4
817,35,Female,Instagram,125.0,5.0,65.0,22.0,28.0,Anxiety,1
818,27,Male,Twitter,90.0,3.0,40.0,16.0,24.0,Sadness,5
819,23,Non-binary,LinkedIn,50.0,1.0,12.0,6.0,12.0,Neutral,4
820,32,Female,Instagram,140.0,6.0,75.0,28.0,30.0,Happiness,3
821,26,Male,Facebook,75.0,2.0,30.0,14.0,20.0,Anxiety,1
822,24,Female,Twitter,105.0,4.0,35.0,20.0,23.0,Anger,0
823,29,Male,LinkedIn,60.0,2.0,17.0,8.0,15.0,Boredom,2
824,33,Non-binary,Instagram,190.0,8.0,105.0,36.0,50.0,Happiness,3
825,22,Female,Twitter,70.0,3.0,25.0,16.0,15.0,Sadness,5
826,31,Male,Facebook,80.0,2.0,20.0,10.0,20.0,Neutral,4
827,27,Non-binary,LinkedIn,55.0,1.0,12.0,5.0,11.0,Anxiety,1
828,25,Female,Instagram,160.0,6.0,85.0,26.0,30.0,Happiness,3
829,30,Male,Twitter,90.0,4.0,43.0,19.0,24.0,Anger,0
830,26,Non-binary,Facebook,45.0,1.0,8.0,4.0,12.0,Sadness,5
831,34,Female,LinkedIn,65.0,2.0,17.0,5.0,14.0,Boredom,2
832,28,Male,Instagram,145.0,7.0,80.0,30.0,35.0,Happiness,3
833,23,Non-binary,Twitter,70.0,3.0,30.0,14.0,18.0,Neutral,4
834,21,Female,Instagram,130.0,6.0,95.0,22.0,28.0,Sadness,5
835,29,Male,Facebook,65.0,2.0,27.0,11.0,22.0,Anxiety,1
836,24,Non-binary,LinkedIn,55.0,1.0,11.0,6.0,11.0,Boredom,2
837,33,Female,Instagram,170.0,7.0,95.0,30.0,38.0,Happiness,3
838,27,Male,Twitter,85.0,4.0,45.0,18.0,24.0,Anger,0
839,22,Female,Instagram,115.0,3.0,60.0,17.0,30.0,Neutral,4
840,28,Non-binary,Facebook,100.0,2.0,22.0,12.0,25.0,Anxiety,1
841,31,Male,LinkedIn,45.0,1.0,9.0,4.0,10.0,Sadness,5
842,25,Female,Instagram,150.0,6.0,90.0,26.0,30.0,Happiness,3
843,29,Male,Twitter,95.0,4.0,50.0,22.0,22.0,Anger,0
844,23,Non-binary,Facebook,105.0,2.0,25.0,12.0,18.0,Neutral,4
845,35,Female,LinkedIn,60.0,1.0,15.0,7.0,14.0,Boredom,2
846,30,Male,Instagram,175.0,7.0,100.0,33.0,38.0,Happiness,3
847,21,Female,Twitter,90.0,3.0,37.0,14.0,20.0,Sadness,5
848,26,Non-binary,Facebook,75.0,2.0,30.0,12.0,18.0,Anxiety,1
849,32,Male,Instagram,130.0,5.0,80.0,28.0,31.0,Neutral,4
850,28,Female,LinkedIn,55.0,1.0,12.0,6.0,10.0,Boredom,2
851,27,Male,Instagram,165.0,6.0,85.0,30.0,28.0,Happiness,3
852,24,Female,Twitter,75.0,3.0,33.0,18.0,19.0,Anger,0
853,29,Non-binary,Facebook,85.0,2.0,27.0,9.0,20.0,Neutral,4
854,33,Female,Instagram,145.0,4.0,65.0,23.0,35.0,Sadness,5
855,31,Male,LinkedIn,60.0,1.0,15.0,7.0,17.0,Anxiety,1
856,22,Female,Whatsapp,70.0,2.0,42.0,10.0,21.0,Anxiety,1
857,25,Male,Telegram,90.0,3.0,22.0,11.0,22.0,Boredom,2
858,29,Non-binary,Snapchat,50.0,2.0,18.0,7.0,18.0,Sadness,5
859,28,Female,Twitter,95.0,4.0,48.0,22.0,25.0,Happiness,3
860,27,Male,Facebook,60.0,1.0,12.0,5.0,15.0,Boredom,2
861,30,Female,Instagram,175.0,6.0,72.0,30.0,33.0,Happiness,3
862,23,Male,Whatsapp,70.0,3.0,22.0,10.0,18.0,Anger,0
863,34,Non-binary,Telegram,80.0,2.0,21.0,8.0,20.0,Neutral,4
864,26,Female,Snapchat,120.0,4.0,55.0,18.0,30.0,Anxiety,1
865,25,Male,Twitter,90.0,6.0,42.0,14.0,26.0,Sadness,5
866,29,Non-binary,Facebook,60.0,1.0,12.0,4.0,12.0,Boredom,2
867,28,Male,Instagram,165.0,5.0,78.0,23.0,35.0,Happiness,3
868,31,Female,Whatsapp,65.0,2.0,27.0,10.0,20.0,Neutral,4
869,27,Male,Telegram,105.0,3.0,48.0,20.0,28.0,Anxiety,1
870,22,Non-binary,Snapchat,75.0,2.0,21.0,8.0,20.0,Sadness,5
871,24,Female,Instagram,140.0,4.0,65.0,22.0,30.0,Happiness,3
872,35,Male,Twitter,70.0,1.0,13.0,8.0,10.0,Boredom,2
873,21,Non-binary,Facebook,55.0,3.0,17.0,7.0,12.0,Neutral,4
874,29,Female,Whatsapp,90.0,2.0,24.0,12.0,22.0,Anger,0
875,25,Male,Telegram,80.0,4.0,30.0,13.0,25.0,Neutral,4
876,28,Non-binary,Snapchat,115.0,3.0,38.0,18.0,27.0,Anxiety,1
877,32,Female,Instagram,155.0,6.0,75.0,25.0,38.0,Happiness,3
878,26,Male,Twitter,75.0,2.0,23.0,12.0,18.0,Sadness,5
879,33,Non-binary,Facebook,65.0,1.0,13.0,7.0,14.0,Anxiety,1
880,27,Female,Whatsapp,90.0,4.0,37.0,18.0,20.0,Neutral,4
881,31,Male,Telegram,50.0,2.0,20.0,10.0,12.0,Sadness,5
882,24,Non-binary,Snapchat,85.0,3.0,33.0,20.0,18.0,Happiness,3
883,34,Female,Instagram,120.0,5.0,60.0,25.0,25.0,Anger,0
884,22,Male,Twitter,70.0,1.0,22.0,7.0,22.0,Neutral,4
885,29,Non-binary,Facebook,75.0,2.0,20.0,8.0,20.0,Boredom,2
886,28,Female,Whatsapp,100.0,4.0,37.0,14.0,26.0,Anxiety,1
887,31,Male,Telegram,85.0,3.0,45.0,20.0,28.0,Sadness,5
888,21,Non-binary,Snapchat,60.0,1.0,18.0,7.0,12.0,Neutral,4
889,25,Female,Instagram,170.0,6.0,83.0,30.0,33.0,Happiness,3
890,30,Male,Twitter,70.0,2.0,30.0,12.0,20.0,Anxiety,1
891,27,Non-binary,Facebook,50.0,1.0,10.0,4.0,10.0,Boredom,2
892,32,Female,Whatsapp,105.0,4.0,55.0,25.0,25.0,Anger,0
893,24,Male,Telegram,75.0,3.0,37.0,16.0,22.0,Neutral,4
894,29,Female,Snapchat,95.0,2.0,23.0,10.0,28.0,Sadness,5
895,26,Male,Instagram,150.0,5.0,70.0,25.0,30.0,Anxiety,1
896,33,Non-binary,Twitter,85.0,4.0,35.0,18.0,18.0,Boredom,2
897,22,Female,Facebook,70.0,1.0,14.0,6.0,10.0,Neutral,4
898,35,Male,Whatsapp,110.0,3.0,50.0,25.0,25.0,Happiness,3
899,28,Non-binary,Telegram,60.0,2.0,18.0,8.0,18.0,Anger,0
900,27,Female,Snapchat,120.0,4.0,40.0,18.0,22.0,Neutral,4
901,25,Female,Instagram,120.0,5.0,50.0,20.0,25.0,Happiness,3
902,30,Male,Twitter,90.0,4.0,30.0,20.0,22.0,Anger,0
903,22,Non-binary,Facebook,60.0,2.0,20.0,10.0,15.0,Neutral,4
904,28,Female,Instagram,200.0,8.0,110.0,40.0,45.0,Anxiety,1
905,33,Male,LinkedIn,45.0,1.0,10.0,5.0,12.0,Boredom,2
906,21,Male,Instagram,150.0,5.0,65.0,25.0,30.0,Happiness,3
907,27,Female,Twitter,85.0,3.0,40.0,18.0,20.0,Anger,0
908,24,Non-binary,Facebook,110.0,6.0,35.0,16.0,25.0,Sadness,5
909,29,Female,LinkedIn,55.0,2.0,15.0,5.0,10.0,Neutral,4
910,31,Male,Instagram,170.0,7.0,90.0,35.0,40.0,Happiness,3
911,23,Female,Twitter,75.0,4.0,45.0,20.0,25.0,Anxiety,1
912,26,Non-binary,Facebook,95.0,3.0,30.0,14.0,18.0,Sadness,5
913,34,Male,LinkedIn,65.0,1.0,14.0,6.0,15.0,Boredom,2
914,22,Female,Instagram,180.0,8.0,100.0,38.0,45.0,Happiness,3
915,28,Male,Twitter,100.0,6.0,50.0,30.0,29.0,Anger,0
916,21,Non-binary,Facebook,40.0,1.0,10.0,4.0,12.0,Neutral,4
917,35,Female,Instagram,125.0,5.0,65.0,22.0,28.0,Anxiety,1
918,27,Male,Twitter,90.0,3.0,40.0,16.0,24.0,Sadness,5
919,23,Non-binary,LinkedIn,50.0,1.0,12.0,6.0,12.0,Neutral,4
920,32,Female,Instagram,140.0,6.0,75.0,28.0,30.0,Happiness,3
921,26,Male,Facebook,75.0,2.0,30.0,14.0,20.0,Anxiety,1
922,24,Female,Twitter,105.0,4.0,35.0,20.0,23.0,Anger,0
923,29,Male,LinkedIn,60.0,2.0,17.0,8.0,15.0,Boredom,2
924,33,Non-binary,Instagram,190.0,8.0,105.0,36.0,50.0,Happiness,3
925,22,Female,Twitter,70.0,3.0,25.0,16.0,15.0,Sadness,5
926,31,Male,Facebook,80.0,2.0,20.0,10.0,20.0,Neutral,4
927,27,Non-binary,LinkedIn,55.0,1.0,12.0,5.0,11.0,Anxiety,1
928,25,Female,Instagram,160.0,6.0,85.0,26.0,30.0,Happiness,3
929,30,Male,Twitter,90.0,4.0,43.0,19.0,24.0,Anger,0
930,26,Non-binary,Facebook,45.0,1.0,8.0,4.0,12.0,Sadness,5
931,34,Female,LinkedIn,65.0,2.0,17.0,5.0,14.0,Boredom,2
932,28,Male,Instagram,145.0,7.0,80.0,30.0,35.0,Happiness,3
933,23,Non-binary,Twitter,70.0,3.0,30.0,14.0,18.0,Neutral,4
934,21,Female,Instagram,130.0,6.0,95.0,22.0,28.0,Sadness,5
935,29,Male,Facebook,65.0,2.0,27.0,11.0,22.0,Anxiety,1
936,24,Non-binary,LinkedIn,55.0,1.0,11.0,6.0,11.0,Boredom,2
937,33,Female,Instagram,170.0,7.0,95.0,30.0,38.0,Happiness,3
938,27,Male,Twitter,85.0,4.0,45.0,18.0,24.0,Anger,0
939,22,Female,Instagram,115.0,3.0,60.0,17.0,30.0,Neutral,4
940,28,Non-binary,Facebook,100.0,2.0,22.0,12.0,25.0,Anxiety,1
941,31,Male,LinkedIn,45.0,1.0,9.0,4.0,10.0,Sadness,5
942,25,Female,Instagram,150.0,6.0,90.0,26.0,30.0,Happiness,3
943,29,Male,Twitter,95.0,4.0,50.0,22.0,22.0,Anger,0
944,23,Non-binary,Facebook,105.0,2.0,25.0,12.0,18.0,Neutral,4
945,35,Female,LinkedIn,60.0,1.0,15.0,7.0,14.0,Boredom,2
946,30,Male,Instagram,175.0,7.0,100.0,33.0,38.0,Happiness,3
947,21,Female,Twitter,90.0,3.0,37.0,14.0,20.0,Sadness,5
948,26,Non-binary,Facebook,75.0,2.0,30.0,12.0,18.0,Anxiety,1
949,32,Male,Instagram,130.0,5.0,80.0,28.0,31.0,Neutral,4
950,28,Female,LinkedIn,55.0,1.0,12.0,6.0,10.0,Boredom,2
951,27,Male,Instagram,165.0,6.0,85.0,30.0,28.0,Happiness,3
952,24,Female,Twitter,75.0,3.0,33.0,18.0,19.0,Anger,0
953,29,Non-binary,Facebook,85.0,2.0,27.0,9.0,20.0,Neutral,4
954,33,Female,Instagram,145.0,4.0,65.0,23.0,35.0,Sadness,5
955,31,Male,LinkedIn,60.0,1.0,15.0,7.0,17.0,Anxiety,1
956,22,Female,Whatsapp,70.0,2.0,42.0,10.0,21.0,Anxiety,1
957,25,Male,Telegram,90.0,3.0,22.0,11.0,22.0,Boredom,2
958,29,Non-binary,Snapchat,50.0,2.0,18.0,7.0,18.0,Sadness,5
959,28,Female,Twitter,95.0,4.0,48.0,22.0,25.0,Happiness,3
960,27,Male,Facebook,60.0,1.0,12.0,5.0,15.0,Boredom,2
961,30,Female,Instagram,175.0,6.0,72.0,30.0,33.0,Happiness,3
962,23,Male,Whatsapp,70.0,3.0,22.0,10.0,18.0,Anger,0
963,34,Non-binary,Telegram,80.0,2.0,21.0,8.0,20.0,Neutral,4
964,26,Female,Snapchat,120.0,4.0,55.0,18.0,30.0,Anxiety,1
965,25,Male,Twitter,90.0,6.0,42.0,14.0,26.0,Sadness,5
966,29,Non-binary,Facebook,60.0,1.0,12.0,4.0,12.0,Boredom,2
967,28,Male,Instagram,165.0,5.0,78.0,23.0,35.0,Happiness,3
968,31,Female,Whatsapp,65.0,2.0,27.0,10.0,20.0,Neutral,4
969,27,Male,Telegram,105.0,3.0,48.0,20.0,28.0,Anxiety,1
970,22,Non-binary,Snapchat,75.0,2.0,21.0,8.0,20.0,Sadness,5
971,24,Female,Instagram,140.0,4.0,65.0,22.0,30.0,Happiness,3
972,35,Male,Twitter,70.0,1.0,13.0,8.0,10.0,Boredom,2
973,21,Non-binary,Facebook,55.0,3.0,17.0,7.0,12.0,Neutral,4
974,29,Female,Whatsapp,90.0,2.0,24.0,12.0,22.0,Anger,0
975,25,Male,Telegram,80.0,4.0,30.0,13.0,25.0,Neutral,4
976,28,Non-binary,Snapchat,115.0,3.0,38.0,18.0,27.0,Anxiety,1
977,32,Female,Instagram,155.0,6.0,75.0,25.0,38.0,Happiness,3
978,26,Male,Twitter,75.0,2.0,23.0,12.0,18.0,Sadness,5
979,33,Non-binary,Facebook,65.0,1.0,13.0,7.0,14.0,Anxiety,1
980,27,Female,Whatsapp,90.0,4.0,37.0,18.0,20.0,Neutral,4
981,31,Male,Telegram,50.0,2.0,20.0,10.0,12.0,Sadness,5
982,24,Non-binary,Snapchat,85.0,3.0,33.0,20.0,18.0,Happiness,3
983,34,Female,Instagram,120.0,5.0,60.0,25.0,25.0,Anger,0
984,22,Male,Twitter,70.0,1.0,22.0,7.0,22.0,Neutral,4
985,29,Non-binary,Facebook,75.0,2.0,20.0,8.0,20.0,Boredom,2
986,28,Female,Whatsapp,100.0,4.0,37.0,14.0,26.0,Anxiety,1
987,31,Male,Telegram,85.0,3.0,45.0,20.0,28.0,Sadness,5
988,21,Non-binary,Snapchat,60.0,1.0,18.0,7.0,12.0,Neutral,4
989,25,Female,Instagram,170.0,6.0,83.0,30.0,33.0,Happiness,3
990,30,Male,Twitter,70.0,2.0,30.0,12.0,20.0,Anxiety,1
991,27,Non-binary,Facebook,50.0,1.0,10.0,4.0,10.0,Boredom,2
992,32,Female,Whatsapp,105.0,4.0,55.0,25.0,25.0,Anger,0
993,24,Male,Telegram,75.0,3.0,37.0,16.0,22.0,Neutral,4
994,29,Female,Snapchat,95.0,2.0,23.0,10.0,28.0,Sadness,5
995,26,Male,Instagram,150.0,5.0,70.0,25.0,30.0,Anxiety,1
996,33,Non-binary,Twitter,85.0,4.0,35.0,18.0,18.0,Boredom,2
997,22,Female,Facebook,70.0,1.0,14.0,6.0,10.0,Neutral,4
998,35,Male,Whatsapp,110.0,3.0,50.0,25.0,25.0,Happiness,3
999,28,Non-binary,Telegram,60.0,2.0,18.0,8.0,18.0,Anger,0
1000,27,Female,Snapchat,120.0,4.0,40.0,18.0,22.0,Neutral,4
